IdNota;File;Titolo;Categorie;Tag
"C8CD2B1D-F9CB-4AA5-A452-0C23981497E6";"agretti-agli-agrumi.json";"Agretti agli agrumi";"Contorni";"Contorni"
"7288BB5E-4564-4C4D-A0CE-123156D074B6";"focaccia-semplice.json";"Focaccia semplice";"";"Pane e lievitati"
"A8D0EC3C-D9D9-4751-B2A0-14B2C339B916";"tiramis-u-classico.json";"Tiramisù Classico";"Dolci";"Dolci"
"287BB325-2259-433E-A457-165594077418";"focaccia-con-le-cipolle.json";"Focaccia con le cipolle";"";"Pane e lievitati"
"05DEEBD9-2E64-4ED8-AC97-1848EEE3C01C";"frollini-ai-mirtilli.json";"Frollini ai mirtilli";"Dolci";"Dolci, Colazione"
"31846E47-C56B-4A7E-A33E-185EB980B240";"pane-veloce.json";"Pane veloce";"";"Pane e lievitati"
"1DE74A17-816E-4456-863B-1D79C2ED8FD5";"torta-di-caporali-al-marsala-con-crema-al-cioccolato.json";"Torta di Caporali al Marsala con Crema al Cioccolato";"Dolci";"Dolci"
"7C804693-E70B-45C3-AAB8-1E614497F11E";"tagliolini-al-limone.json";"Tagliolini al Limone";"Primi";"Primi"
"4AA03C45-C60A-4A55-98D0-1F45B71405FA";"latte-dolce-genovese.json";"LATTE DOLCE GENOVESE";"Dolci";"Dolci"
"592AD4D5-A953-4825-8E58-2209475A9466";"pesto.json";"Pesto";"";"Condimenti"
"FED533A1-3E5D-4F4E-BA03-241F862712E7";"torta-ai-datteri.json";"Torta ai datteri";"Dolci";"Dolci"
"6DC76556-19A1-473A-BEA1-31ABBDBAB31E";"liquore-alla-liquirizia.json";"Liquore alla Liquirizia";"";"Liquori"
"92EFF6CC-65A6-4EDD-8A12-3476D5930FBE";"sugo-di-carne-alla-genovese.json";"Sugo di Carne alla Genovese";"";"Condimenti"
"CED32721-04DA-4A37-8941-380763A74F38";"zuppa-di-cipolle.json";"Zuppa di Cipolle";"Primi";"Primi"
"F288BD47-9D38-4B74-B478-3C5D07D39148";"ricetta-pollo-kfc.json";"Ricetta Pollo KFC";"Secondi";"Secondi"
"4833F95C-2C96-40CE-AC7A-3CA7FE016E46";"biscotti-pan-di-zenzero.json";"Biscotti pan di zenzero";"Dolci";"Dolci, Snack"
"75E4629A-17BE-45A1-98A0-488FC23B9F97";"pizza-al-taglio-romana.json";"Pizza al Taglio Romana";"";"Pane e lievitati"
"ED859ABC-1EF9-4C4B-9F32-49473C5325F1";"spezzatino.json";"Spezzatino";"Secondi";"Secondi"
"11FEFF22-2AD8-4DFB-843B-50C8F31131FF";"liquore-di-melograno.json";"Liquore di melograno";"";"Liquori"
"5B7E2CF8-C20A-4813-8B78-562B307DAA60";"limoncino-metodo-bressanini.json";"Limoncino metodo Bressanini";"";"Liquori"
"6C6D4A08-A516-4779-910F-6210815CC4AF";"liquore-al-cioccolato-fondente.json";"LIQUORE AL CIOCCOLATO FONDENTE";"";"Liquori"
"37C267C3-E38A-46DE-A81F-63B5E09B8EF6";"vov-liquore-zabaione.json";"Vov - Liquore Zabaione";"";"Liquori"
"B5E07F2C-4A57-4BED-93A3-65B1625950B7";"pere-al-vino-rosso.json";"Pere al vino rosso";"Dolci";"Dolci"
"1BB71B48-1DE8-499C-B79D-678A45632E0E";"biscotti-friabili-yogurt-e-mirtilli-rossi.json";"Biscotti friabili yogurt e mirtilli rossi";"Dolci";"Colazione, Dolci"
"5C3C723D-7C18-44FC-B39E-6B6489AF8172";"farinata.json";"Farinata";"Secondi";"Secondi, Snack"
"ABAFAD1A-DA4D-4FBA-8E12-6CC4F54BCD06";"banana-bread.json";"Banana bread";"Dolci";"Dolci"
"1575596A-54B5-4B01-972F-6CD7828242B3";"polpette-di-lenticchie-al-sugo.json";"Polpette di lenticchie al sugo";"Secondi";"Secondi"
"71215777-6D95-4A73-B5DC-6ED610AE279D";"polpette-di-lenticchie.json";"Polpette di lenticchie";"Secondi";"Secondi"
"1A8611BD-31EC-4819-B900-7597893AFB4E";"ricetta-castagnaccio.json";"Ricetta Castagnaccio";"Dolci";"Dolci"
"5E1CE82E-D9A5-4455-B40E-790B36E48D8A";"spaghetti-cacio-e-pepe.json";"Spaghetti Cacio e Pepe";"Primi";"Primi"
"C75B57F3-F3BF-4935-B9D0-83576EC2A22C";"limoncello-allo-zenzero-metodo-bressanini.json";"Limoncello allo Zenzero - Metodo Bressanini";"";"Liquori"
"F19AD412-24FF-4568-9FFD-8A9F82866830";"biscotti-al-cacao-e-nocciole.json";"🍪 Biscotti al cacao e nocciole";"Dolci";"Dolci"
"61FF2D40-96A4-4C79-A337-929AAE9F5B28";"spaghetti-al-pesto-di-limoni.json";"Spaghetti al Pesto di Limoni";"Primi";"Primi"
"ACFBD3EC-DC67-4DBB-9406-981D863B114E";"piadine.json";"Piadine";"";"Pane e lievitati"
"E6E20510-9586-439F-828E-99402D0DB777";"waffle-ricetta-originale.json";"Waffle Ricetta Originale";"Dolci";"Dolci"
"59320163-FA68-4A15-9D42-9FA04BC43890";"liquore-alla-menta.json";"Liquore alla menta";"";"Liquori"
"E22514FA-2C11-4E50-99AD-A8ABBA7B27D7";"liquore-alle-fragole.json";"Liquore alle fragole";"";"Liquori"
"E7208DDC-624A-4534-A404-A8BFEDA2884B";"pane-casereccio-croccante.json";"Pane Casereccio Croccante";"";"Pane e lievitati"
"47D20ED2-EF95-4F44-BF83-AD2C5E559B2D";"polpette-rosa-alla-barbabietola.json";"Polpette rosa alla barbabietola";"Secondi";"Secondi"
"75790E67-65E4-4A4A-89AA-B0E8874E2A3E";"barrette-proteiche.json";"Barrette proteiche";"";"Snack"
"80C898BD-13EC-461C-8DA7-B7EC763C6AA0";"focaccette-morbide-in-padella.json";"Focaccette morbide in padella";"";"Pane e lievitati"
"D85D1274-0535-4358-B3DD-B8D5EA59F6A1";"pasta-all-avocado-e-pesto-di-rucola.json";"Pasta all'avocado e pesto di rucola";"Primi";"Primi"
"5AEB7ED3-3D0D-42BC-84EA-BDD46E3827B9";"torta-frutta-secca-e-pere.json";"Torta Frutta Secca e Pere";"Dolci";"Dolci"
"72E349F5-75DF-402D-A9C5-BE0C733E3838";"tajine-di-pollo-con-verdure.json";"Tajine di Pollo con Verdure";"Secondi";"Secondi, Piatti unici"
"DD8C0B8F-8B7D-441A-BAB6-C4177966F439";"kurtoskalacs-la-ricetta-originale-del-camino-dolce-ungherese.json";"Kurtoskalacs: la ricetta originale del camino dolce ungherese";"Dolci";"Dolci"
"565D3D18-90A0-4FA1-8666-C6A55FEDB396";"pasta-butada.json";"Pasta butada";"Primi";"Primi"
"393B39BD-275E-474F-B8BA-CD4338790585";"grissini-stirati-torinesi.json";"Grissini Stirati Torinesi";"";"Pane e lievitati"
"226C1CC4-4950-4868-B7BA-CE39F9DB7834";"pancake-pat.json";"Pancake PAT";"Dolci";"Colazione, Dolci"
"EE4738F6-4049-4E60-8741-CEFAC735DDBA";"infuso-di-menta-e-limone.json";"Infuso di menta e limone";"Bevande";"Bevande"
"6726384B-4DDC-4234-9890-D04DB988D0CB";"casatiello-napoletano.json";"CASATIELLO NAPOLETANO";"";"Pane e lievitati"
"0F9FF936-84DD-416E-A023-DA55864617E2";"crema-di-caff-e.json";"Crema di caffè";"Dolci";"Dolci"
"9B1EA3C3-C837-43DF-A403-DD2E2524937B";"pancake.json";"Pancake";"Dolci";"Dolci"
"E3150243-DACC-4247-AABE-E7D5AD572776";"torta-tenerina.json";"Torta tenerina";"Dolci";"Dolci"
"4972998D-47F5-45B6-9AD0-E88A7CAA34F5";"vellutata-di-porri-e-patate.json";"Vellutata di Porri e Patate";"Primi";"Primi"
"E67420CF-3365-44F6-8EE0-F5945261BA49";"crepes-dolci-e-salate.json";"Crepes dolci e salate";"Dolci";"Dolci, Piatti unici"
"C1391A3B-3F42-4852-8168-F6F0F260EF56";"cheesecake-philadelphia-salata.json";"Cheesecake philadelphia salata";"Dolci";"Dolci"
"543E246B-DEC6-44D5-9DA4-F84B47B43509";"biscotti-ai-datteri.json";"Biscotti ai datteri";"Dolci";"Dolci"
"80B0729B-B84D-4F1C-80E0-FB4BD03C2487";"zemino-di-ceci.json";"Zemino di Ceci";"";"Piatti unici"
"AE961938-72BC-4363-9837-FE0D9A003228";"baguette.json";"Baguette";"";"Pane e lievitati"
